,CRIM,ZN,INDUS,CHAS,NOX,RM,AGE,DIS,RAD,TAX,PTRATIO,LSTAT,MEDV
count,506.0,506.0,506.0,506.0,506.0,506.0,506.0,506.0,506.0,506.0,506.0,506.0,506.0
mean,3.613523557312254,11.363636363636363,11.13677865612648,0.0691699604743083,0.5546950592885376,6.284634387351779,68.57490118577076,3.795042687747036,9.549407114624506,408.2371541501976,18.455533596837945,12.653063241106722,22.532806324110677
std,8.60154510533249,23.32245299451514,6.860352940897585,0.25399404134041037,0.11587767566755595,0.7026171434153233,28.148861406903617,2.105710126627611,8.707259384239366,168.53711605495903,2.1649455237144406,7.141061511348571,9.197104087379818
min,0.00632,0.0,0.46,0.0,0.385,3.561,2.9,1.1296,1.0,187.0,12.6,1.73,5.0
25%,0.08204499999999999,0.0,5.19,0.0,0.449,5.8854999999999995,45.025,2.100175,4.0,279.0,17.4,6.949999999999999,17.025
50%,0.25651,0.0,9.69,0.0,0.538,6.2085,77.5,3.2074499999999997,5.0,330.0,19.05,11.36,21.2
75%,3.6770825,12.5,18.1,0.0,0.624,6.6235,94.07499999999999,5.1884250000000005,24.0,666.0,20.2,16.955000000000002,25.0
max,88.9762,100.0,27.74,1.0,0.871,8.78,100.0,12.1265,24.0,711.0,22.0,37.97,50.0
